review_status,recommended_status,overall_score,expertise_fit,tool_fit,domain_fit,growth_fit,interest_fit,practical_fit,risk_score,job_id,input_file,title,normalized_title,company,city,work_mode,source_url,matched_terms,suggested_role_groups,hard_blockers,soft_risks,reason
new,keep,83,100,100,100,72,60,95,0,job_11e532b1a2,job_11e532b1a2.txt,Uppdragsannonser,Software Engineer,,Gothenburg,remote,https://app.verama.com/app/job-requests/79244,"DevOps, automotive","VOLVO_2024_2026, GE_2005_2020, ERICSSON_2021_2024",,,"Score 83: matched explicit job terms (DevOps, automotive) against evidence in VOLVO_2024_2026, GE_2005_2020, ERICSSON_2021_2024."
new,keep,83,100,100,100,72,60,95,0,job_137554f75f,job_137554f75f.txt,Uppdragsannonser,Software Engineer,,Gothenburg,hybrid,https://app.verama.com/app/job-requests/79226,"Jira, CI/CD, SAFe, verification, autonomous, automation","VOLVO_2024_2026, ERICSSON_2021_2024, GE_2005_2020",,,"Score 83: matched explicit job terms (CI/CD, Jira, SAFe, automation, autonomous, verification) against evidence in VOLVO_2024_2026, ERICSSON_2021_2024, GE_2005_2020."
new,keep,83,100,100,100,72,60,95,0,job_34210777d4,job_34210777d4.txt,Uppdragsannonser,Embedded Software Engineer,,Gothenburg,hybrid,https://app.verama.com/app/job-requests/79212,"Simulink, verification, testing, embedded","GE_2005_2020, VOLVO_2024_2026, ERICSSON_2021_2024",,,"Score 83: matched explicit job terms (Simulink, embedded, testing, verification) against evidence in GE_2005_2020, VOLVO_2024_2026, ERICSSON_2021_2024."
new,keep,83,100,100,100,72,60,95,0,job_71df1b2ac6,job_71df1b2ac6.txt,Uppdragsannonser,Embedded Software Engineer,,Gothenburg,hybrid,https://app.verama.com/app/job-requests/79388,"C++, C, Git, AUTOSAR, Agile, Scrum, DevOps, testing, embedded, industrial","GE_2005_2020, VOLVO_2024_2026, ERICSSON_2021_2024",,,"Score 83: matched explicit job terms (AUTOSAR, Agile, C, C++, DevOps, Git, Scrum, embedded, industrial, testing) against evidence in GE_2005_2020, VOLVO_2024_2026, ERICSSON_2021_2024."
new,keep,83,100,100,100,72,60,95,0,job_8c8d199ed3,job_8c8d199ed3.txt,Uppdragsannonser,Systems Engineer,,Gothenburg,hybrid,https://app.verama.com/app/job-requests/79322,"automotive, industrial","GE_2005_2020, VOLVO_2024_2026, EQUINOX_2009",,,"Score 83: matched explicit job terms (automotive, industrial) against evidence in GE_2005_2020, VOLVO_2024_2026, EQUINOX_2009."
new,keep,83,100,100,100,72,60,95,0,job_9242c3f7be,job_9242c3f7be.txt,Uppdragsannonser,Systems Engineer,,Gothenburg,remote,https://app.verama.com/app/job-requests/79242,automotive,VOLVO_2024_2026,,,Score 83: matched explicit job terms (automotive) against evidence in VOLVO_2024_2026.
new,keep,83,100,100,100,72,60,95,0,job_f40f1b983b,job_f40f1b983b.txt,Uppdragsannonser,Software Engineer,,Gothenburg,remote,https://app.verama.com/app/job-requests/79348,"verification, automotive, industrial","GE_2005_2020, VOLVO_2024_2026, ERICSSON_2021_2024",,,"Score 83: matched explicit job terms (automotive, industrial, verification) against evidence in GE_2005_2020, VOLVO_2024_2026, ERICSSON_2021_2024."
new,keep,83,100,100,100,72,60,95,0,job_f7ae35e272,job_f7ae35e272.txt,Uppdragsannonser,Software Engineer,,Gothenburg,remote,https://app.verama.com/app/job-requests/79245,"DevOps, automotive, industrial","GE_2005_2020, VOLVO_2024_2026, ERICSSON_2021_2024",,,"Score 83: matched explicit job terms (DevOps, automotive, industrial) against evidence in GE_2005_2020, VOLVO_2024_2026, ERICSSON_2021_2024."
new,keep,81,95,92,100,72,60,95,0,job_abd4eef4ed,job_abd4eef4ed.txt,Test Developer for Automotive Software,Embedded Software Engineer,,Gothenburg,unspecified,https://careers.egra.com/jobs/5713854-test-developer-for-automotive-software,"C++, C, Git, Gerrit, Jenkins, CI/CD, testing, embedded, embedded systems, automotive, telecom, automation","VOLVO_2024_2026, ERICSSON_2021_2024, GE_2005_2020",,,"Score 81: matched explicit job terms (C, C++, CI/CD, Gerrit, Git, Jenkins, automation, automotive, embedded, embedded systems, telecom, testing) against evidence in VOLVO_2024_2026, ERICSSON_2021_2024, GE_2005_2020."
new,keep,81,94,90,100,72,60,95,0,job_b333d2d00b,job_b333d2d00b.txt,System Verification Engineer,Embedded Software Engineer,,Gothenburg,unspecified,https://careers.egra.com/jobs/4474683-system-verification-engineer,"C, MATLAB, unit testing, SIL, HIL, verification, testing, embedded, automotive","GE_2005_2020, VOLVO_2024_2026, ERICSSON_2021_2024",,,"Score 81: matched explicit job terms (C, HIL, MATLAB, SIL, automotive, embedded, testing, unit testing, verification) against evidence in GE_2005_2020, VOLVO_2024_2026, ERICSSON_2021_2024."
new,keep,79,100,100,100,72,60,95,15,job_6297df9e32,job_6297df9e32.txt,Uppdragsannonser,Software Engineer,,Gothenburg,remote,https://app.verama.com/app/job-requests/79405,"DevOps, automotive","VOLVO_2024_2026, GE_2005_2020, ERICSSON_2021_2024",,Swedish may be preferred,"Score 79: matched explicit job terms (DevOps, automotive) against evidence in VOLVO_2024_2026, GE_2005_2020, ERICSSON_2021_2024."
new,keep,79,100,100,100,72,60,95,15,job_7820f5715d,job_7820f5715d.txt,Uppdragsannonser,Software Engineer,,Gothenburg,remote,https://app.verama.com/app/job-requests,"Scrum, DevOps, automation","VOLVO_2024_2026, ERICSSON_2021_2024, GE_2005_2020",,Swedish may be preferred,"Score 79: matched explicit job terms (DevOps, Scrum, automation) against evidence in VOLVO_2024_2026, ERICSSON_2021_2024, GE_2005_2020."
new,keep,79,100,100,100,72,60,95,15,job_cbeefc5098,job_cbeefc5098.txt,Uppdragsannonser,Software Engineer,,Gothenburg,remote,https://app.verama.com/app/job-requests/79327,automotive,VOLVO_2024_2026,,Swedish may be preferred,Score 79: matched explicit job terms (automotive) against evidence in VOLVO_2024_2026.
new,keep,79,100,100,100,72,60,95,15,job_f5dad4d4a2,job_f5dad4d4a2.txt,Uppdragsannonser,Software Engineer,,Gothenburg,remote,https://app.verama.com/app/job-requests?tab=all-jobs,"Scrum, DevOps, automation","VOLVO_2024_2026, ERICSSON_2021_2024, GE_2005_2020",,Swedish may be preferred,"Score 79: matched explicit job terms (DevOps, Scrum, automation) against evidence in VOLVO_2024_2026, ERICSSON_2021_2024, GE_2005_2020."
new,keep,78,88,80,100,72,60,95,0,job_30065ec2e7,job_30065ec2e7.txt,Uppdragsannonser,Systems Engineer,,Gothenburg,hybrid,https://app.verama.com/app/job-requests/79391,"AUTOSAR, DevOps, validation, industrial","GE_2005_2020, VOLVO_2024_2026, ERICSSON_2021_2024",,,"Score 78: matched explicit job terms (AUTOSAR, DevOps, industrial, validation) against evidence in GE_2005_2020, VOLVO_2024_2026, ERICSSON_2021_2024."
new,keep,77,85,75,100,72,60,95,0,job_f3a6757ddb,job_f3a6757ddb.txt,Senior Embedded Developer,Embedded Software Engineer,,Gothenburg,unspecified,https://careers.egra.com/jobs/5706871-senior-embedded-developer,"C++, C#, C, Agile, DevOps, embedded","GE_2005_2020, VOLVO_2024_2026, ERICSSON_2021_2024",,,"Score 77: matched explicit job terms (Agile, C, C#, C++, DevOps, embedded) against evidence in GE_2005_2020, VOLVO_2024_2026, ERICSSON_2021_2024."
new,keep,76,80,100,50,72,67,95,0,job_1dda0eee7a,job_1dda0eee7a.txt,Uppdragsannonser,Systems Engineer,,Gothenburg,remote,https://app.verama.com/app/job-requests/79243,DevOps,"GE_2005_2020, ERICSSON_2021_2024, VOLVO_2024_2026",,,"Score 76: matched explicit job terms (DevOps) against evidence in GE_2005_2020, ERICSSON_2021_2024, VOLVO_2024_2026."
new,keep,76,92,86,100,72,60,95,15,job_5a1862c5f7,job_5a1862c5f7.txt,Uppdragsannonser,Embedded Software Engineer,,Gothenburg,hybrid,https://app.verama.com/app/job-requests/79332,"MATLAB, Simulink, SIL, testing, embedded, automotive","GE_2005_2020, VOLVO_2024_2026, ERICSSON_2021_2024",,Swedish may be preferred,"Score 76: matched explicit job terms (MATLAB, SIL, Simulink, automotive, embedded, testing) against evidence in GE_2005_2020, VOLVO_2024_2026, ERICSSON_2021_2024."
new,keep,75,80,67,100,72,60,95,0,job_12a6804069,job_12a6804069.txt,Uppdragsannonser,AI Engineering Enablement Lead,,Gothenburg,remote,https://app.verama.com/app/job-requests/79369,"root cause analysis, automation","VOLVO_2024_2026, ERICSSON_2021_2024, EQUINOX_2009",,,"Score 75: matched explicit job terms (automation, root cause analysis) against evidence in VOLVO_2024_2026, ERICSSON_2021_2024, EQUINOX_2009."
new,keep,75,80,67,100,72,60,95,0,job_b13460ab02,job_b13460ab02.txt,Uppdragsannonser,Software Engineer,,Gothenburg,hybrid,https://app.verama.com/app/job-requests?filtersConfig=%7B%22id%22%3A17883%2C%22signature%22%3A%22DbbWDnf26FAEZPkT7X%2F%2FIFnVV3T1oEykfCopJvFSdeVjZEoaSMun01qr8hEfIeLDvXU0e9KdCn32Ui7x%2Bgbatw%22%2C%22name%22%3A%22Gothenburg%22%2C%22frequency%22%3A%22NEVER%22%2C%22location%22%3A%7B%22name%22%3A%22Gothenburg%2C%20Sweden%22%2C%22country%22%3A%22Sweden%22%2C%22city%22%3A%22Gothenburg%22%2C%22locationId%22%3A%22here%3Acm%3Anamedplace%3A20298983%22%2C%22countryCode%22%3A%22SWE%22%7D%2C%22radius%22%3A30000%2C%22remote%22%3A%5B%7B%22code%22%3A%22PARTIALLY_REMOTE%22%2C%22parameter%22%3Anull%7D%2C%7B%22code%22%3A%22NO_REMOTE%22%2C%22parameter%22%3Anull%7D%5D%2C%22skillRoleCategories%22%3A%5B%5D%2C%22dedicated%22%3Afalse%2C%22originIds%22%3A%5B%5D%2C%22favouritesOnly%22%3Afalse%2C%22recommendedOnly%22%3Afalse%2C%22languages%22%3A%5B%5D%2C%22skillIds%22%3A%5B%5D%2C%22skills%22%3A%5B%5D%2C%22level%22%3A%5B%5D%7D&tab=search-17883,"DevOps, automotive","VOLVO_2024_2026, GE_2005_2020, ERICSSON_2021_2024",,,"Score 75: matched explicit job terms (DevOps, automotive) against evidence in VOLVO_2024_2026, GE_2005_2020, ERICSSON_2021_2024."
new,keep,71,80,67,100,72,60,95,15,job_c0e3b52fea,job_c0e3b52fea.txt,Uppdragsannonser,Software Engineer,,Gothenburg,remote,https://app.verama.com/app/job-requests/79318,"CI/CD, DevOps, testing, industrial","GE_2005_2020, VOLVO_2024_2026, ERICSSON_2021_2024",,Swedish may be preferred,"Score 71: matched explicit job terms (CI/CD, DevOps, industrial, testing) against evidence in GE_2005_2020, VOLVO_2024_2026, ERICSSON_2021_2024."
new,keep,70,77,62,100,72,60,95,15,job_45a38e0559,job_45a38e0559.txt,Uppdragsannonser,Software Engineer,,Gothenburg,remote,https://app.verama.com/app/job-requests/79319,"CI/CD, DevOps, root cause analysis, automotive, distributed systems","VOLVO_2024_2026, ERICSSON_2021_2024, GE_2005_2020",,Swedish may be preferred,"Score 70: matched explicit job terms (CI/CD, DevOps, automotive, distributed systems, root cause analysis) against evidence in VOLVO_2024_2026, ERICSSON_2021_2024, GE_2005_2020."
new,maybe,67,70,50,100,72,60,95,15,job_9f1f221c9b,job_9f1f221c9b.txt,Uppdragsannonser,Software Engineer,,Gothenburg,remote,https://app.verama.com/app/job-requests?filtersConfig=%7B%22recommendedOnly%22%3Atrue%7D&tab=recommended,"DevOps, embedded","GE_2005_2020, VOLVO_2024_2026, ERICSSON_2021_2024",,Swedish may be preferred,"Score 67: matched explicit job terms (DevOps, embedded) against evidence in GE_2005_2020, VOLVO_2024_2026, ERICSSON_2021_2024."
new,maybe,67,60,67,50,72,60,95,0,job_bd7bbe844d,job_bd7bbe844d.txt,Uppdragsannonser,Systems Engineer,,Gothenburg,remote,https://app.verama.com/app/job-requests/79317,"Agile, SAFe, DevOps, verification","VOLVO_2024_2026, GE_2005_2020, ERICSSON_2021_2024",,,"Score 67: matched explicit job terms (Agile, DevOps, SAFe, verification) against evidence in VOLVO_2024_2026, GE_2005_2020, ERICSSON_2021_2024."
new,maybe,57,30,50,0,73,67,95,0,job_1224248010,job_1224248010.txt,Uppdragsannonser,Software Engineer,,Gothenburg,hybrid,https://app.verama.com/app/job-requests/79372,"CI/CD, testing","VOLVO_2024_2026, GE_2005_2020, ERICSSON_2021_2024",,,"Score 57: matched explicit job terms (CI/CD, testing) against evidence in VOLVO_2024_2026, GE_2005_2020, ERICSSON_2021_2024."
new,reject,52,20,0,50,72,67,95,0,job_d35f7a05f7,job_d35f7a05f7.txt,Uppdragsannonser,Systems Engineer,,Gothenburg,remote,https://app.verama.com/app/job-requests/79237,,,,,Score 52: limited explicit evidence matches found; review manually.
new,reject,51,20,0,50,72,60,95,0,job_97c760e141,job_97c760e141.txt,Uppdragsannonser,Software Engineer,,Gothenburg,remote,https://app.verama.com/app/job-requests?filtersConfig=%7B%22favouritesOnly%22%3Atrue%7D&tab=my-saved-jobs,,,,,Score 51: limited explicit evidence matches found; review manually.
