job_id,status,source_id,source_type,source_url,title_guess,origin,output_file,duplicate_of,collected_at,error
job_f3a6757ddb,collected,copied_job_ads,local_folder,https://careers.egra.com/jobs/5706871-senior-embedded-developer,Senior Embedded Developer,C:\Users\NorbertoMuñozGómez\Desktop\job_search_mvp_v0_1\prototype\examples\job_batch\egra_senior_embedded_developer.txt,job_f3a6757ddb.txt,,2026-05-04T13:11:05+00:00,
job_b333d2d00b,collected,copied_job_ads,local_folder,https://careers.egra.com/jobs/4474683-system-verification-engineer,System Verification Engineer,C:\Users\NorbertoMuñozGómez\Desktop\job_search_mvp_v0_1\prototype\examples\job_batch\egra_system_verification_engineer.txt,job_b333d2d00b.txt,,2026-05-04T13:11:05+00:00,
job_abd4eef4ed,collected,copied_job_ads,local_folder,https://careers.egra.com/jobs/5713854-test-developer-for-automotive-software,Test Developer for Automotive Software,C:\Users\NorbertoMuñozGómez\Desktop\job_search_mvp_v0_1\prototype\examples\job_batch\egra_test_developer_automotive_software.txt,job_abd4eef4ed.txt,,2026-05-04T13:11:05+00:00,
job_7820f5715d,collected,verama_browser_gothenburg,browser_verama,https://app.verama.com/app/job-requests,Ework Verama,https://app.verama.com/app/job-requests,job_7820f5715d.txt,,2026-05-04T13:11:05+00:00,
job_f5dad4d4a2,collected,verama_browser_gothenburg,browser_verama,https://app.verama.com/app/job-requests?tab=all-jobs,Ework Verama,https://app.verama.com/app/job-requests?tab=all-jobs,job_f5dad4d4a2.txt,,2026-05-04T13:11:05+00:00,
job_9f1f221c9b,collected,verama_browser_gothenburg,browser_verama,https://app.verama.com/app/job-requests?filtersConfig=%7B%22recommendedOnly%22%3Atrue%7D&tab=recommended,Ework Verama,https://app.verama.com/app/job-requests?filtersConfig=%7B%22recommendedOnly%22%3Atrue%7D&tab=recommended,job_9f1f221c9b.txt,,2026-05-04T13:11:05+00:00,
job_97c760e141,collected,verama_browser_gothenburg,browser_verama,https://app.verama.com/app/job-requests?filtersConfig=%7B%22favouritesOnly%22%3Atrue%7D&tab=my-saved-jobs,Ework Verama,https://app.verama.com/app/job-requests?filtersConfig=%7B%22favouritesOnly%22%3Atrue%7D&tab=my-saved-jobs,job_97c760e141.txt,,2026-05-04T13:11:05+00:00,
job_b13460ab02,collected,verama_browser_gothenburg,browser_verama,https://app.verama.com/app/job-requests?filtersConfig=%7B%22id%22%3A17883%2C%22signature%22%3A%22DbbWDnf26FAEZPkT7X%2F%2FIFnVV3T1oEykfCopJvFSdeVjZEoaSMun01qr8hEfIeLDvXU0e9KdCn32Ui7x%2Bgbatw%22%2C%22name%22%3A%22Gothenburg%22%2C%22frequency%22%3A%22NEVER%22%2C%22location%22%3A%7B%22name%22%3A%22Gothenburg%2C%20Sweden%22%2C%22country%22%3A%22Sweden%22%2C%22city%22%3A%22Gothenburg%22%2C%22locationId%22%3A%22here%3Acm%3Anamedplace%3A20298983%22%2C%22countryCode%22%3A%22SWE%22%7D%2C%22radius%22%3A30000%2C%22remote%22%3A%5B%7B%22code%22%3A%22PARTIALLY_REMOTE%22%2C%22parameter%22%3Anull%7D%2C%7B%22code%22%3A%22NO_REMOTE%22%2C%22parameter%22%3Anull%7D%5D%2C%22skillRoleCategories%22%3A%5B%5D%2C%22dedicated%22%3Afalse%2C%22originIds%22%3A%5B%5D%2C%22favouritesOnly%22%3Afalse%2C%22recommendedOnly%22%3Afalse%2C%22languages%22%3A%5B%5D%2C%22skillIds%22%3A%5B%5D%2C%22skills%22%3A%5B%5D%2C%22level%22%3A%5B%5D%7D&tab=search-17883,Ework Verama,https://app.verama.com/app/job-requests?filtersConfig=%7B%22id%22%3A17883%2C%22signature%22%3A%22DbbWDnf26FAEZPkT7X%2F%2FIFnVV3T1oEykfCopJvFSdeVjZEoaSMun01qr8hEfIeLDvXU0e9KdCn32Ui7x%2Bgbatw%22%2C%22name%22%3A%22Gothenburg%22%2C%22frequency%22%3A%22NEVER%22%2C%22location%22%3A%7B%22name%22%3A%22Gothenburg%2C%20Sweden%22%2C%22country%22%3A%22Sweden%22%2C%22city%22%3A%22Gothenburg%22%2C%22locationId%22%3A%22here%3Acm%3Anamedplace%3A20298983%22%2C%22countryCode%22%3A%22SWE%22%7D%2C%22radius%22%3A30000%2C%22remote%22%3A%5B%7B%22code%22%3A%22PARTIALLY_REMOTE%22%2C%22parameter%22%3Anull%7D%2C%7B%22code%22%3A%22NO_REMOTE%22%2C%22parameter%22%3Anull%7D%5D%2C%22skillRoleCategories%22%3A%5B%5D%2C%22dedicated%22%3Afalse%2C%22originIds%22%3A%5B%5D%2C%22favouritesOnly%22%3Afalse%2C%22recommendedOnly%22%3Afalse%2C%22languages%22%3A%5B%5D%2C%22skillIds%22%3A%5B%5D%2C%22skills%22%3A%5B%5D%2C%22level%22%3A%5B%5D%7D&tab=search-17883,job_b13460ab02.txt,,2026-05-04T13:11:05+00:00,
job_6297df9e32,collected,verama_browser_gothenburg,browser_verama,https://app.verama.com/app/job-requests/79405,Samverkansledare för separeringsprojekt i Majorna,https://app.verama.com/app/job-requests/79405,job_6297df9e32.txt,,2026-05-04T13:11:05+00:00,
job_30065ec2e7,collected,verama_browser_gothenburg,browser_verama,https://app.verama.com/app/job-requests/79391,Diagnostic SW Product Owner - Inverters,https://app.verama.com/app/job-requests/79391,job_30065ec2e7.txt,,2026-05-04T13:11:05+00:00,
job_71df1b2ac6,collected,verama_browser_gothenburg,browser_verama,https://app.verama.com/app/job-requests/79388,Basic Software Engineer,https://app.verama.com/app/job-requests/79388,job_71df1b2ac6.txt,,2026-05-04T13:11:05+00:00,
job_1224248010,collected,verama_browser_gothenburg,browser_verama,https://app.verama.com/app/job-requests/79372,Senior ML/AI Engineer - Aurobay,https://app.verama.com/app/job-requests/79372,job_1224248010.txt,,2026-05-04T13:11:05+00:00,
job_12a6804069,collected,verama_browser_gothenburg,browser_verama,https://app.verama.com/app/job-requests/79369,Telematics Service platform Incident Manager,https://app.verama.com/app/job-requests/79369,job_12a6804069.txt,,2026-05-04T13:11:05+00:00,
job_f40f1b983b,collected,verama_browser_gothenburg,browser_verama,https://app.verama.com/app/job-requests/79348,AI Act compliance professional - Automotive,https://app.verama.com/app/job-requests/79348,job_f40f1b983b.txt,,2026-05-04T13:11:05+00:00,
job_5a1862c5f7,collected,verama_browser_gothenburg,browser_verama,https://app.verama.com/app/job-requests/79332,Function Developer - EATS & Combustion,https://app.verama.com/app/job-requests/79332,job_5a1862c5f7.txt,,2026-05-04T13:11:05+00:00,
job_cbeefc5098,collected,verama_browser_gothenburg,browser_verama,https://app.verama.com/app/job-requests/79327,Teknikstöd och applikationskonsulter Unit4,https://app.verama.com/app/job-requests/79327,job_cbeefc5098.txt,,2026-05-04T13:11:05+00:00,
job_8c8d199ed3,collected,verama_browser_gothenburg,browser_verama,https://app.verama.com/app/job-requests/79322,Total Reward Expert,https://app.verama.com/app/job-requests/79322,job_8c8d199ed3.txt,,2026-05-04T13:11:05+00:00,
job_45a38e0559,collected,verama_browser_gothenburg,browser_verama,https://app.verama.com/app/job-requests/79319,Senior DevOps / SRE Engineer,https://app.verama.com/app/job-requests/79319,job_45a38e0559.txt,,2026-05-04T13:11:05+00:00,
job_c0e3b52fea,collected,verama_browser_gothenburg,browser_verama,https://app.verama.com/app/job-requests/79318,DevOps Engineer - AWS,https://app.verama.com/app/job-requests/79318,job_c0e3b52fea.txt,,2026-05-04T13:11:05+00:00,
job_bd7bbe844d,collected,verama_browser_gothenburg,browser_verama,https://app.verama.com/app/job-requests/79317,Solution Architect,https://app.verama.com/app/job-requests/79317,job_bd7bbe844d.txt,,2026-05-04T13:11:05+00:00,
job_f7ae35e272,collected,verama_browser_gothenburg,browser_verama,https://app.verama.com/app/job-requests/79245,Interior Component Designer,https://app.verama.com/app/job-requests/79245,job_f7ae35e272.txt,,2026-05-04T13:11:05+00:00,
job_11e532b1a2,collected,verama_browser_gothenburg,browser_verama,https://app.verama.com/app/job-requests/79244,Design Painter,https://app.verama.com/app/job-requests/79244,job_11e532b1a2.txt,,2026-05-04T13:11:05+00:00,
job_1dda0eee7a,collected,verama_browser_gothenburg,browser_verama,https://app.verama.com/app/job-requests/79243,HR Business Partner,https://app.verama.com/app/job-requests/79243,job_1dda0eee7a.txt,,2026-05-04T13:11:05+00:00,
job_9242c3f7be,collected,verama_browser_gothenburg,browser_verama,https://app.verama.com/app/job-requests/79242,Clay Modeller,https://app.verama.com/app/job-requests/79242,job_9242c3f7be.txt,,2026-05-04T13:11:05+00:00,
job_d35f7a05f7,collected,verama_browser_gothenburg,browser_verama,https://app.verama.com/app/job-requests/79237,AP/AR Manager,https://app.verama.com/app/job-requests/79237,job_d35f7a05f7.txt,,2026-05-04T13:11:05+00:00,
job_137554f75f,collected,verama_browser_gothenburg,browser_verama,https://app.verama.com/app/job-requests/79226,Quality Engineer – ConX Product Development,https://app.verama.com/app/job-requests/79226,job_137554f75f.txt,,2026-05-04T13:11:05+00:00,
job_34210777d4,collected,verama_browser_gothenburg,browser_verama,https://app.verama.com/app/job-requests/79212,Senior Function Developer,https://app.verama.com/app/job-requests/79212,job_34210777d4.txt,,2026-05-04T13:11:05+00:00,
,fetch_error,verama_browser_gothenburg,browser_verama,https://app.verama.com/app/job-requests/79170,Senior Data Engineer - Python,https://app.verama.com/app/job-requests/79170,,,2026-05-04T13:11:05+00:00,Skipped because extracted text did not contain location 'Gothenburg'.
